Dates,CLG0_PX_LAST,CLG0_PX_OPEN,CLG0_PX_LOW,CLG0_PX_HIGH
11/20/2014,80.05,#N/A N/A,#N/A N/A,#N/A N/A
11/21/2014,80.92,#N/A N/A,#N/A N/A,#N/A N/A
11/24/2014,80.63,#N/A N/A,#N/A N/A,#N/A N/A
11/25/2014,80.22,#N/A N/A,#N/A N/A,#N/A N/A
11/26/2014,80.7,#N/A N/A,#N/A N/A,#N/A N/A
11/28/2014,77.49,#N/A N/A,#N/A N/A,#N/A N/A
12/1/2014,79.27,#N/A N/A,#N/A N/A,#N/A N/A
12/2/2014,78.04,#N/A N/A,#N/A N/A,#N/A N/A
12/3/2014,77.95,#N/A N/A,#N/A N/A,#N/A N/A
12/4/2014,76.17,#N/A N/A,#N/A N/A,#N/A N/A
12/5/2014,74.66,#N/A N/A,#N/A N/A,#N/A N/A
12/8/2014,72.49,#N/A N/A,#N/A N/A,#N/A N/A
12/9/2014,72.66,#N/A N/A,#N/A N/A,#N/A N/A
12/10/2014,71.22,#N/A N/A,#N/A N/A,#N/A N/A
12/11/2014,71.07,#N/A N/A,#N/A N/A,#N/A N/A
12/12/2014,69.1,#N/A N/A,#N/A N/A,#N/A N/A
12/15/2014,67.64,#N/A N/A,#N/A N/A,#N/A N/A
12/16/2014,66.53,#N/A N/A,#N/A N/A,#N/A N/A
12/17/2014,66.98,#N/A N/A,#N/A N/A,#N/A N/A
12/18/2014,67.56,#N/A N/A,#N/A N/A,#N/A N/A
12/19/2014,70.41,#N/A N/A,#N/A N/A,#N/A N/A
12/22/2014,70.24,#N/A N/A,#N/A N/A,#N/A N/A
12/23/2014,71.5,#N/A N/A,#N/A N/A,#N/A N/A
12/24/2014,71.71,#N/A N/A,#N/A N/A,#N/A N/A
12/26/2014,71.34,#N/A N/A,#N/A N/A,#N/A N/A
12/29/2014,70.52,#N/A N/A,#N/A N/A,#N/A N/A
12/30/2014,70.43,#N/A N/A,#N/A N/A,#N/A N/A
12/31/2014,70.34,#N/A N/A,#N/A N/A,#N/A N/A
1/2/2015,69.84,#N/A N/A,#N/A N/A,#N/A N/A
1/5/2015,68.51,#N/A N/A,#N/A N/A,#N/A N/A
1/6/2015,66.75,#N/A N/A,#N/A N/A,#N/A N/A
1/7/2015,66.17,#N/A N/A,#N/A N/A,#N/A N/A
1/8/2015,66.19,#N/A N/A,#N/A N/A,#N/A N/A
1/9/2015,67.42,#N/A N/A,#N/A N/A,#N/A N/A
1/12/2015,66.72,#N/A N/A,#N/A N/A,#N/A N/A
1/13/2015,67.43,#N/A N/A,#N/A N/A,#N/A N/A
1/14/2015,67.92,#N/A N/A,#N/A N/A,#N/A N/A
1/15/2015,65.69,#N/A N/A,#N/A N/A,#N/A N/A
1/16/2015,66.9,#N/A N/A,#N/A N/A,#N/A N/A
1/20/2015,65.46,#N/A N/A,#N/A N/A,#N/A N/A
1/21/2015,65.91,#N/A N/A,#N/A N/A,#N/A N/A
1/22/2015,65.31,#N/A N/A,#N/A N/A,#N/A N/A
1/23/2015,65.74,#N/A N/A,#N/A N/A,#N/A N/A
1/26/2015,65.49,#N/A N/A,#N/A N/A,#N/A N/A
1/27/2015,66.54,#N/A N/A,#N/A N/A,#N/A N/A
1/28/2015,65.9,#N/A N/A,#N/A N/A,#N/A N/A
1/29/2015,66.96,#N/A N/A,#N/A N/A,#N/A N/A
1/30/2015,69.21,#N/A N/A,#N/A N/A,#N/A N/A
2/2/2015,69.75,#N/A N/A,#N/A N/A,#N/A N/A
2/3/2015,71.1,#N/A N/A,#N/A N/A,#N/A N/A
2/4/2015,69.42,#N/A N/A,#N/A N/A,#N/A N/A
2/5/2015,70.13,#N/A N/A,#N/A N/A,#N/A N/A
2/6/2015,69.4,#N/A N/A,#N/A N/A,#N/A N/A
2/9/2015,69.82,#N/A N/A,#N/A N/A,#N/A N/A
2/10/2015,69.19,#N/A N/A,#N/A N/A,#N/A N/A
2/11/2015,69.45,#N/A N/A,#N/A N/A,#N/A N/A
2/12/2015,70.57,#N/A N/A,#N/A N/A,#N/A N/A
2/13/2015,69.63,#N/A N/A,#N/A N/A,#N/A N/A
2/17/2015,69.27,#N/A N/A,#N/A N/A,#N/A N/A
2/18/2015,68.97,#N/A N/A,#N/A N/A,#N/A N/A
2/19/2015,68.37,#N/A N/A,#N/A N/A,#N/A N/A
2/20/2015,69.44,#N/A N/A,#N/A N/A,#N/A N/A
2/23/2015,69.27,#N/A N/A,#N/A N/A,#N/A N/A
2/24/2015,69.79,#N/A N/A,#N/A N/A,#N/A N/A
2/25/2015,70.41,#N/A N/A,#N/A N/A,#N/A N/A
2/26/2015,70.08,#N/A N/A,#N/A N/A,#N/A N/A
2/27/2015,70.04,#N/A N/A,#N/A N/A,#N/A N/A
3/2/2015,69.63,#N/A N/A,#N/A N/A,#N/A N/A
3/3/2015,70.16,#N/A N/A,#N/A N/A,#N/A N/A
3/4/2015,68.94,#N/A N/A,#N/A N/A,#N/A N/A
3/5/2015,68.44,#N/A N/A,#N/A N/A,#N/A N/A
3/6/2015,67.72,#N/A N/A,#N/A N/A,#N/A N/A
3/9/2015,67.2,#N/A N/A,#N/A N/A,#N/A N/A
3/10/2015,66.68,#N/A N/A,#N/A N/A,#N/A N/A
3/11/2015,66.88,#N/A N/A,#N/A N/A,#N/A N/A
3/12/2015,66.36,#N/A N/A,#N/A N/A,#N/A N/A
3/13/2015,65.86,#N/A N/A,#N/A N/A,#N/A N/A
3/16/2015,66.3,#N/A N/A,#N/A N/A,#N/A N/A
3/17/2015,65.61,#N/A N/A,#N/A N/A,#N/A N/A
3/18/2015,66.98,#N/A N/A,#N/A N/A,#N/A N/A
3/19/2015,66.05,#N/A N/A,#N/A N/A,#N/A N/A
3/20/2015,66.58,#N/A N/A,#N/A N/A,#N/A N/A
3/23/2015,66.77,#N/A N/A,#N/A N/A,#N/A N/A
3/24/2015,66.1,#N/A N/A,#N/A N/A,#N/A N/A
3/25/2015,66.09,#N/A N/A,#N/A N/A,#N/A N/A
3/26/2015,65.98,#N/A N/A,#N/A N/A,#N/A N/A
3/27/2015,64.58,#N/A N/A,#N/A N/A,#N/A N/A
3/30/2015,65.16,#N/A N/A,#N/A N/A,#N/A N/A
3/31/2015,64.67,#N/A N/A,#N/A N/A,#N/A N/A
4/1/2015,65.42,#N/A N/A,#N/A N/A,#N/A N/A
4/2/2015,64.77,#N/A N/A,#N/A N/A,#N/A N/A
4/6/2015,65.1,#N/A N/A,#N/A N/A,#N/A N/A
4/7/2015,64.42,#N/A N/A,#N/A N/A,#N/A N/A
4/8/2015,63.31,#N/A N/A,#N/A N/A,#N/A N/A
4/9/2015,64.39,#N/A N/A,#N/A N/A,#N/A N/A
4/10/2015,64.86,#N/A N/A,#N/A N/A,#N/A N/A
4/13/2015,64.53,#N/A N/A,#N/A N/A,#N/A N/A
4/14/2015,64.67,#N/A N/A,#N/A N/A,#N/A N/A
4/15/2015,66,#N/A N/A,#N/A N/A,#N/A N/A
4/16/2015,66.3,#N/A N/A,#N/A N/A,#N/A N/A
4/17/2015,65.84,#N/A N/A,#N/A N/A,#N/A N/A
4/20/2015,66.57,#N/A N/A,#N/A N/A,#N/A N/A
4/21/2015,66.82,#N/A N/A,#N/A N/A,#N/A N/A
4/22/2015,67.25,#N/A N/A,#N/A N/A,#N/A N/A
4/23/2015,67.92,#N/A N/A,#N/A N/A,#N/A N/A
4/24/2015,66.74,#N/A N/A,#N/A N/A,#N/A N/A
4/27/2015,66.7,#N/A N/A,#N/A N/A,#N/A N/A
4/28/2015,66.77,#N/A N/A,#N/A N/A,#N/A N/A
4/29/2015,66.8,#N/A N/A,#N/A N/A,#N/A N/A
4/30/2015,66.93,#N/A N/A,#N/A N/A,#N/A N/A
5/1/2015,66.82,#N/A N/A,#N/A N/A,#N/A N/A
5/4/2015,67.09,#N/A N/A,#N/A N/A,#N/A N/A
5/5/2015,67.66,#N/A N/A,#N/A N/A,#N/A N/A
5/6/2015,68.01,#N/A N/A,#N/A N/A,#N/A N/A
5/7/2015,67.73,#N/A N/A,#N/A N/A,#N/A N/A
5/8/2015,68.17,#N/A N/A,#N/A N/A,#N/A N/A
5/11/2015,68.24,#N/A N/A,#N/A N/A,#N/A N/A
5/12/2015,68.09,#N/A N/A,#N/A N/A,#N/A N/A
5/13/2015,68.04,#N/A N/A,#N/A N/A,#N/A N/A
5/14/2015,68.5,#N/A N/A,#N/A N/A,#N/A N/A
5/15/2015,68.49,#N/A N/A,#N/A N/A,#N/A N/A
5/18/2015,68.11,#N/A N/A,#N/A N/A,#N/A N/A
5/19/2015,67.48,#N/A N/A,#N/A N/A,#N/A N/A
5/20/2015,67.86,#N/A N/A,#N/A N/A,#N/A N/A
5/21/2015,67.85,#N/A N/A,#N/A N/A,#N/A N/A
5/22/2015,67.32,#N/A N/A,#N/A N/A,#N/A N/A
5/26/2015,67.45,#N/A N/A,#N/A N/A,#N/A N/A
5/27/2015,67.07,#N/A N/A,#N/A N/A,#N/A N/A
5/28/2015,67.03,#N/A N/A,#N/A N/A,#N/A N/A
5/29/2015,67.34,#N/A N/A,#N/A N/A,#N/A N/A
6/1/2015,66.9,#N/A N/A,#N/A N/A,#N/A N/A
6/2/2015,67.96,#N/A N/A,#N/A N/A,#N/A N/A
6/3/2015,67.54,#N/A N/A,#N/A N/A,#N/A N/A
6/4/2015,66.98,#N/A N/A,#N/A N/A,#N/A N/A
6/5/2015,68.29,#N/A N/A,#N/A N/A,#N/A N/A
6/8/2015,67.66,#N/A N/A,#N/A N/A,#N/A N/A
6/9/2015,68.14,#N/A N/A,#N/A N/A,#N/A N/A
6/10/2015,68.53,#N/A N/A,#N/A N/A,#N/A N/A
6/11/2015,68.1,#N/A N/A,#N/A N/A,#N/A N/A
6/12/2015,67.23,#N/A N/A,#N/A N/A,#N/A N/A
6/15/2015,67.69,#N/A N/A,#N/A N/A,#N/A N/A
6/16/2015,68,#N/A N/A,#N/A N/A,#N/A N/A
6/17/2015,67.99,#N/A N/A,#N/A N/A,#N/A N/A
6/18/2015,68.27,#N/A N/A,#N/A N/A,#N/A N/A
6/19/2015,67.56,#N/A N/A,#N/A N/A,#N/A N/A
6/22/2015,68.32,#N/A N/A,#N/A N/A,#N/A N/A
6/23/2015,67.79,#N/A N/A,#N/A N/A,#N/A N/A
6/24/2015,67.35,#N/A N/A,#N/A N/A,#N/A N/A
6/25/2015,67.17,#N/A N/A,#N/A N/A,#N/A N/A
6/26/2015,67.35,#N/A N/A,#N/A N/A,#N/A N/A
6/29/2015,66.83,#N/A N/A,#N/A N/A,#N/A N/A
6/30/2015,67.01,#N/A N/A,#N/A N/A,#N/A N/A
7/1/2015,66.59,#N/A N/A,#N/A N/A,#N/A N/A
7/2/2015,66.5,#N/A N/A,#N/A N/A,#N/A N/A
7/6/2015,63.74,#N/A N/A,#N/A N/A,#N/A N/A
7/7/2015,63.92,#N/A N/A,#N/A N/A,#N/A N/A
7/8/2015,64.17,#N/A N/A,#N/A N/A,#N/A N/A
7/9/2015,65.08,#N/A N/A,#N/A N/A,#N/A N/A
7/10/2015,65.96,#N/A N/A,#N/A N/A,#N/A N/A
7/13/2015,66.2,#N/A N/A,#N/A N/A,#N/A N/A
7/14/2015,66.11,#N/A N/A,#N/A N/A,#N/A N/A
7/15/2015,65.01,#N/A N/A,#N/A N/A,#N/A N/A
7/16/2015,64.46,#N/A N/A,#N/A N/A,#N/A N/A
7/17/2015,64.13,#N/A N/A,#N/A N/A,#N/A N/A
7/20/2015,64.03,#N/A N/A,#N/A N/A,#N/A N/A
7/21/2015,64.75,#N/A N/A,#N/A N/A,#N/A N/A
7/22/2015,63.77,#N/A N/A,#N/A N/A,#N/A N/A
7/23/2015,63.03,#N/A N/A,#N/A N/A,#N/A N/A
7/24/2015,62.25,#N/A N/A,#N/A N/A,#N/A N/A
7/27/2015,62.21,#N/A N/A,#N/A N/A,#N/A N/A
7/28/2015,62.33,#N/A N/A,#N/A N/A,#N/A N/A
7/29/2015,62.31,#N/A N/A,#N/A N/A,#N/A N/A
7/30/2015,62.32,#N/A N/A,#N/A N/A,#N/A N/A
7/31/2015,61.9,#N/A N/A,#N/A N/A,#N/A N/A
8/3/2015,60.78,#N/A N/A,#N/A N/A,#N/A N/A
8/4/2015,60.81,#N/A N/A,#N/A N/A,#N/A N/A
8/5/2015,60.57,#N/A N/A,#N/A N/A,#N/A N/A
8/6/2015,61.07,#N/A N/A,#N/A N/A,#N/A N/A
8/7/2015,60.43,#N/A N/A,#N/A N/A,#N/A N/A
8/10/2015,61.42,#N/A N/A,#N/A N/A,#N/A N/A
8/11/2015,61.38,#N/A N/A,#N/A N/A,#N/A N/A
8/12/2015,61.95,#N/A N/A,#N/A N/A,#N/A N/A
8/13/2015,62.19,#N/A N/A,#N/A N/A,#N/A N/A
8/14/2015,62.71,#N/A N/A,#N/A N/A,#N/A N/A
8/17/2015,62.27,#N/A N/A,#N/A N/A,#N/A N/A
8/18/2015,61.85,#N/A N/A,#N/A N/A,#N/A N/A
8/19/2015,60.41,#N/A N/A,#N/A N/A,#N/A N/A
8/20/2015,58.96,#N/A N/A,#N/A N/A,#N/A N/A
8/21/2015,56.88,#N/A N/A,#N/A N/A,#N/A N/A
8/24/2015,55.5,#N/A N/A,#N/A N/A,#N/A N/A
8/25/2015,56.3,#N/A N/A,#N/A N/A,#N/A N/A
8/26/2015,56.82,#N/A N/A,#N/A N/A,#N/A N/A
8/27/2015,60.01,#N/A N/A,#N/A N/A,#N/A N/A
8/28/2015,61.24,#N/A N/A,#N/A N/A,#N/A N/A
8/31/2015,63.08,#N/A N/A,#N/A N/A,#N/A N/A
9/1/2015,59.31,#N/A N/A,#N/A N/A,#N/A N/A
9/2/2015,60.27,#N/A N/A,#N/A N/A,#N/A N/A
9/3/2015,60.09,#N/A N/A,#N/A N/A,#N/A N/A
9/4/2015,59.04,#N/A N/A,#N/A N/A,#N/A N/A
9/8/2015,59.73,#N/A N/A,#N/A N/A,#N/A N/A
9/9/2015,58.71,#N/A N/A,#N/A N/A,#N/A N/A
9/10/2015,59.78,#N/A N/A,#N/A N/A,#N/A N/A
9/11/2015,59.28,#N/A N/A,#N/A N/A,#N/A N/A
9/14/2015,58.04,#N/A N/A,#N/A N/A,#N/A N/A
9/15/2015,58.52,#N/A N/A,#N/A N/A,#N/A N/A
9/16/2015,59.34,#N/A N/A,#N/A N/A,#N/A N/A
9/17/2015,58.97,#N/A N/A,#N/A N/A,#N/A N/A
9/18/2015,57.76,#N/A N/A,#N/A N/A,#N/A N/A
9/21/2015,59.12,#N/A N/A,#N/A N/A,#N/A N/A
9/22/2015,59.29,#N/A N/A,#N/A N/A,#N/A N/A
9/23/2015,57.96,#N/A N/A,#N/A N/A,#N/A N/A
9/24/2015,58.53,#N/A N/A,#N/A N/A,#N/A N/A
9/25/2015,58.84,#N/A N/A,#N/A N/A,#N/A N/A
9/28/2015,57.57,#N/A N/A,#N/A N/A,#N/A N/A
9/29/2015,57.56,#N/A N/A,#N/A N/A,#N/A N/A
9/30/2015,57.72,#N/A N/A,#N/A N/A,#N/A N/A
10/1/2015,56.6,#N/A N/A,#N/A N/A,#N/A N/A
10/2/2015,56.66,#N/A N/A,#N/A N/A,#N/A N/A
10/5/2015,57.54,#N/A N/A,#N/A N/A,#N/A N/A
10/6/2015,58.85,#N/A N/A,#N/A N/A,#N/A N/A
10/7/2015,58.57,#N/A N/A,#N/A N/A,#N/A N/A
10/8/2015,58.12,#N/A N/A,#N/A N/A,#N/A N/A
10/9/2015,58.81,#N/A N/A,#N/A N/A,#N/A N/A
10/12/2015,58,#N/A N/A,#N/A N/A,#N/A N/A
10/13/2015,58.22,#N/A N/A,#N/A N/A,#N/A N/A
10/14/2015,58.56,#N/A N/A,#N/A N/A,#N/A N/A
10/15/2015,58.67,#N/A N/A,#N/A N/A,#N/A N/A
10/16/2015,59,#N/A N/A,#N/A N/A,#N/A N/A
10/19/2015,58.1,#N/A N/A,#N/A N/A,#N/A N/A
10/20/2015,58.48,#N/A N/A,#N/A N/A,#N/A N/A
10/21/2015,58.1,#N/A N/A,#N/A N/A,#N/A N/A
10/22/2015,58.65,#N/A N/A,#N/A N/A,#N/A N/A
10/23/2015,57.99,#N/A N/A,#N/A N/A,#N/A N/A
10/26/2015,58.03,#N/A N/A,#N/A N/A,#N/A N/A
10/27/2015,57.32,#N/A N/A,#N/A N/A,#N/A N/A
10/28/2015,58.68,#N/A N/A,#N/A N/A,#N/A N/A
10/29/2015,58.31,#N/A N/A,#N/A N/A,#N/A N/A
10/30/2015,58.64,#N/A N/A,#N/A N/A,#N/A N/A
11/2/2015,58.39,#N/A N/A,#N/A N/A,#N/A N/A
11/3/2015,59.11,#N/A N/A,#N/A N/A,#N/A N/A
11/4/2015,58.03,#N/A N/A,#N/A N/A,#N/A N/A
11/5/2015,57.79,#N/A N/A,#N/A N/A,#N/A N/A
11/6/2015,57.48,#N/A N/A,#N/A N/A,#N/A N/A
11/9/2015,57.52,#N/A N/A,#N/A N/A,#N/A N/A
11/10/2015,57.82,#N/A N/A,#N/A N/A,#N/A N/A
11/11/2015,56.93,#N/A N/A,#N/A N/A,#N/A N/A
11/12/2015,56.78,#N/A N/A,#N/A N/A,#N/A N/A
11/13/2015,56.63,#N/A N/A,#N/A N/A,#N/A N/A
11/16/2015,56.74,#N/A N/A,#N/A N/A,#N/A N/A
11/17/2015,55.81,#N/A N/A,#N/A N/A,#N/A N/A
11/18/2015,55.84,#N/A N/A,#N/A N/A,#N/A N/A
11/19/2015,55.52,#N/A N/A,#N/A N/A,#N/A N/A
11/20/2015,55.58,#N/A N/A,#N/A N/A,#N/A N/A
11/23/2015,55.87,#N/A N/A,#N/A N/A,#N/A N/A
11/24/2015,57.06,#N/A N/A,#N/A N/A,#N/A N/A
11/25/2015,57.03,#N/A N/A,#N/A N/A,#N/A N/A
11/27/2015,56.47,#N/A N/A,#N/A N/A,#N/A N/A
11/30/2015,56.26,#N/A N/A,#N/A N/A,#N/A N/A
12/1/2015,56.18,#N/A N/A,#N/A N/A,#N/A N/A
12/2/2015,55.8,#N/A N/A,#N/A N/A,#N/A N/A
12/3/2015,56.4,#N/A N/A,#N/A N/A,#N/A N/A
12/4/2015,56.21,#N/A N/A,#N/A N/A,#N/A N/A
12/7/2015,55.88,#N/A N/A,#N/A N/A,#N/A N/A
12/8/2015,55.78,#N/A N/A,#N/A N/A,#N/A N/A
12/9/2015,55.68,#N/A N/A,#N/A N/A,#N/A N/A
12/10/2015,55.94,#N/A N/A,#N/A N/A,#N/A N/A
12/11/2015,55.24,#N/A N/A,#N/A N/A,#N/A N/A
12/14/2015,54.14,#N/A N/A,#N/A N/A,#N/A N/A
12/15/2015,54.25,#N/A N/A,#N/A N/A,#N/A N/A
12/16/2015,53.81,#N/A N/A,#N/A N/A,#N/A N/A
12/17/2015,53.63,#N/A N/A,#N/A N/A,#N/A N/A
12/18/2015,53.33,#N/A N/A,#N/A N/A,#N/A N/A
12/21/2015,52.58,#N/A N/A,#N/A N/A,#N/A N/A
12/22/2015,51.75,#N/A N/A,#N/A N/A,#N/A N/A
12/23/2015,51.97,#N/A N/A,#N/A N/A,#N/A N/A
12/24/2015,52.91,#N/A N/A,#N/A N/A,#N/A N/A
12/28/2015,52.54,#N/A N/A,#N/A N/A,#N/A N/A
12/29/2015,53.27,#N/A N/A,#N/A N/A,#N/A N/A
12/30/2015,52.6,#N/A N/A,#N/A N/A,#N/A N/A
12/31/2015,53.15,#N/A N/A,#N/A N/A,#N/A N/A
1/4/2016,53.02,#N/A N/A,#N/A N/A,#N/A N/A
1/5/2016,52.51,#N/A N/A,#N/A N/A,#N/A N/A
1/6/2016,51.34,#N/A N/A,#N/A N/A,#N/A N/A
1/7/2016,50.41,#N/A N/A,#N/A N/A,#N/A N/A
1/8/2016,50.33,#N/A N/A,#N/A N/A,#N/A N/A
1/11/2016,49.01,#N/A N/A,#N/A N/A,#N/A N/A
1/12/2016,47.7,#N/A N/A,#N/A N/A,#N/A N/A
1/13/2016,46.74,#N/A N/A,#N/A N/A,#N/A N/A
1/14/2016,47.31,#N/A N/A,#N/A N/A,#N/A N/A
1/15/2016,45.02,#N/A N/A,#N/A N/A,#N/A N/A
1/19/2016,43.85,#N/A N/A,#N/A N/A,#N/A N/A
1/20/2016,43.33,#N/A N/A,#N/A N/A,#N/A N/A
1/21/2016,43.73,#N/A N/A,#N/A N/A,#N/A N/A
1/22/2016,45.9,#N/A N/A,#N/A N/A,#N/A N/A
1/25/2016,45.95,#N/A N/A,#N/A N/A,#N/A N/A
1/26/2016,46.71,#N/A N/A,#N/A N/A,#N/A N/A
1/27/2016,47.36,#N/A N/A,#N/A N/A,#N/A N/A
1/28/2016,47.93,#N/A N/A,#N/A N/A,#N/A N/A
1/29/2016,48.89,#N/A N/A,#N/A N/A,#N/A N/A
2/1/2016,47.67,#N/A N/A,#N/A N/A,#N/A N/A
2/2/2016,46.91,#N/A N/A,#N/A N/A,#N/A N/A
2/3/2016,47.8,#N/A N/A,#N/A N/A,#N/A N/A
2/4/2016,48.17,#N/A N/A,#N/A N/A,#N/A N/A
2/5/2016,48.1,#N/A N/A,#N/A N/A,#N/A N/A
2/8/2016,47.7,#N/A N/A,#N/A N/A,#N/A N/A
2/9/2016,45.19,#N/A N/A,#N/A N/A,#N/A N/A
2/10/2016,45.6,#N/A N/A,#N/A N/A,#N/A N/A
2/11/2016,45.61,#N/A N/A,#N/A N/A,#N/A N/A
2/12/2016,48.12,#N/A N/A,#N/A N/A,#N/A N/A
2/16/2016,46.93,#N/A N/A,#N/A N/A,#N/A N/A
2/17/2016,47.89,#N/A N/A,#N/A N/A,#N/A N/A
2/18/2016,47.35,#N/A N/A,#N/A N/A,#N/A N/A
2/19/2016,46.4,#N/A N/A,#N/A N/A,#N/A N/A
2/22/2016,47.39,#N/A N/A,#N/A N/A,#N/A N/A
2/23/2016,46.28,#N/A N/A,#N/A N/A,#N/A N/A
2/24/2016,46.63,#N/A N/A,#N/A N/A,#N/A N/A
2/25/2016,46.82,#N/A N/A,#N/A N/A,#N/A N/A
2/26/2016,45.96,#N/A N/A,#N/A N/A,#N/A N/A
2/29/2016,47.04,#N/A N/A,#N/A N/A,#N/A N/A
3/1/2016,47.25,#N/A N/A,#N/A N/A,#N/A N/A
3/2/2016,47.04,#N/A N/A,#N/A N/A,#N/A N/A
3/3/2016,46.86,#N/A N/A,#N/A N/A,#N/A N/A
3/4/2016,47.63,#N/A N/A,#N/A N/A,#N/A N/A
3/7/2016,48.97,#N/A N/A,#N/A N/A,#N/A N/A
3/8/2016,48.1,#N/A N/A,#N/A N/A,#N/A N/A
3/9/2016,49.02,#N/A N/A,#N/A N/A,#N/A N/A
3/10/2016,48.71,#N/A N/A,#N/A N/A,#N/A N/A
3/11/2016,49.03,#N/A N/A,#N/A N/A,#N/A N/A
3/14/2016,48.16,#N/A N/A,#N/A N/A,#N/A N/A
3/15/2016,47.96,#N/A N/A,#N/A N/A,#N/A N/A
3/16/2016,48.6,#N/A N/A,#N/A N/A,#N/A N/A
3/17/2016,48.76,#N/A N/A,#N/A N/A,#N/A N/A
3/18/2016,49.02,#N/A N/A,#N/A N/A,#N/A N/A
3/21/2016,49.23,#N/A N/A,#N/A N/A,#N/A N/A
3/22/2016,49.41,#N/A N/A,#N/A N/A,#N/A N/A
3/23/2016,48.91,#N/A N/A,#N/A N/A,#N/A N/A
3/24/2016,48.63,#N/A N/A,#N/A N/A,#N/A N/A
3/28/2016,48.46,#N/A N/A,#N/A N/A,#N/A N/A
3/29/2016,48.43,#N/A N/A,#N/A N/A,#N/A N/A
3/30/2016,49.1,#N/A N/A,#N/A N/A,#N/A N/A
3/31/2016,49.42,#N/A N/A,#N/A N/A,#N/A N/A
4/1/2016,48.18,#N/A N/A,#N/A N/A,#N/A N/A
4/4/2016,47.23,#N/A N/A,#N/A N/A,#N/A N/A
4/5/2016,46.81,#N/A N/A,#N/A N/A,#N/A N/A
4/6/2016,47.93,#N/A N/A,#N/A N/A,#N/A N/A
4/7/2016,47.07,#N/A N/A,#N/A N/A,#N/A N/A
4/8/2016,48.66,#N/A N/A,#N/A N/A,#N/A N/A
4/11/2016,49.28,#N/A N/A,#N/A N/A,#N/A N/A
4/12/2016,50.21,#N/A N/A,#N/A N/A,#N/A N/A
4/13/2016,50.05,#N/A N/A,#N/A N/A,#N/A N/A
4/14/2016,49.42,#N/A N/A,#N/A N/A,#N/A N/A
4/15/2016,48.24,#N/A N/A,#N/A N/A,#N/A N/A
4/18/2016,48.04,#N/A N/A,#N/A N/A,#N/A N/A
4/19/2016,48.71,#N/A N/A,#N/A N/A,#N/A N/A
4/20/2016,50.03,#N/A N/A,#N/A N/A,#N/A N/A
4/21/2016,49.77,#N/A N/A,#N/A N/A,#N/A N/A
4/22/2016,50.74,#N/A N/A,#N/A N/A,#N/A N/A
4/25/2016,50.75,#N/A N/A,#N/A N/A,#N/A N/A
4/26/2016,51.24,#N/A N/A,#N/A N/A,#N/A N/A
4/27/2016,52.09,#N/A N/A,#N/A N/A,#N/A N/A
4/28/2016,52.02,#N/A N/A,#N/A N/A,#N/A N/A
4/29/2016,52.09,#N/A N/A,#N/A N/A,#N/A N/A
5/2/2016,51.44,#N/A N/A,#N/A N/A,#N/A N/A
5/3/2016,51.16,#N/A N/A,#N/A N/A,#N/A N/A
5/4/2016,51.39,#N/A N/A,#N/A N/A,#N/A N/A
5/5/2016,51.87,#N/A N/A,#N/A N/A,#N/A N/A
5/6/2016,52.53,#N/A N/A,#N/A N/A,#N/A N/A
5/9/2016,51.8,#N/A N/A,#N/A N/A,#N/A N/A
5/10/2016,52.63,#N/A N/A,#N/A N/A,#N/A N/A
5/11/2016,53.17,#N/A N/A,#N/A N/A,#N/A N/A
5/12/2016,52.92,#N/A N/A,#N/A N/A,#N/A N/A
5/13/2016,51.87,#N/A N/A,#N/A N/A,#N/A N/A
5/16/2016,52.27,#N/A N/A,#N/A N/A,#N/A N/A
5/17/2016,52.87,#N/A N/A,#N/A N/A,#N/A N/A
5/18/2016,53.23,#N/A N/A,#N/A N/A,#N/A N/A
5/19/2016,53.52,#N/A N/A,#N/A N/A,#N/A N/A
5/20/2016,53.22,#N/A N/A,#N/A N/A,#N/A N/A
5/23/2016,53.58,#N/A N/A,#N/A N/A,#N/A N/A
5/24/2016,53.91,#N/A N/A,#N/A N/A,#N/A N/A
5/25/2016,54.3,#N/A N/A,#N/A N/A,#N/A N/A
5/26/2016,54.49,#N/A N/A,#N/A N/A,#N/A N/A
5/27/2016,54.82,#N/A N/A,#N/A N/A,#N/A N/A
5/31/2016,54.79,#N/A N/A,#N/A N/A,#N/A N/A
6/1/2016,54.61,#N/A N/A,#N/A N/A,#N/A N/A
6/2/2016,54.83,#N/A N/A,#N/A N/A,#N/A N/A
6/3/2016,54.25,#N/A N/A,#N/A N/A,#N/A N/A
6/6/2016,54.67,#N/A N/A,#N/A N/A,#N/A N/A
6/7/2016,55.08,#N/A N/A,#N/A N/A,#N/A N/A
6/8/2016,55.38,#N/A N/A,#N/A N/A,#N/A N/A
6/9/2016,54.95,#N/A N/A,#N/A N/A,#N/A N/A
6/10/2016,54.26,#N/A N/A,#N/A N/A,#N/A N/A
6/13/2016,54.21,#N/A N/A,#N/A N/A,#N/A N/A
6/14/2016,53.71,#N/A N/A,#N/A N/A,#N/A N/A
6/15/2016,53.31,#N/A N/A,#N/A N/A,#N/A N/A
6/16/2016,52.01,#N/A N/A,#N/A N/A,#N/A N/A
6/17/2016,53.41,#N/A N/A,#N/A N/A,#N/A N/A
6/20/2016,54.32,#N/A N/A,#N/A N/A,#N/A N/A
6/21/2016,54.35,#N/A N/A,#N/A N/A,#N/A N/A
6/22/2016,54.38,#N/A N/A,#N/A N/A,#N/A N/A
6/23/2016,55.01,#N/A N/A,#N/A N/A,#N/A N/A
6/24/2016,53.09,#N/A N/A,#N/A N/A,#N/A N/A
6/27/2016,52.79,#N/A N/A,#N/A N/A,#N/A N/A
6/28/2016,54.47,#N/A N/A,#N/A N/A,#N/A N/A
6/29/2016,56.28,#N/A N/A,#N/A N/A,#N/A N/A
6/30/2016,55.14,#N/A N/A,#N/A N/A,#N/A N/A
7/1/2016,56.42,#N/A N/A,#N/A N/A,#N/A N/A
7/5/2016,55.17,#N/A N/A,#N/A N/A,#N/A N/A
7/6/2016,56.27,#N/A N/A,#N/A N/A,#N/A N/A
7/7/2016,54.71,#N/A N/A,#N/A N/A,#N/A N/A
7/8/2016,55.45,#N/A N/A,#N/A N/A,#N/A N/A
7/11/2016,55.34,#N/A N/A,#N/A N/A,#N/A N/A
7/12/2016,56.12,#N/A N/A,#N/A N/A,#N/A N/A
7/13/2016,54.72,#N/A N/A,#N/A N/A,#N/A N/A
7/14/2016,54.97,#N/A N/A,#N/A N/A,#N/A N/A
7/15/2016,54.62,#N/A N/A,#N/A N/A,#N/A N/A
7/18/2016,54.15,#N/A N/A,#N/A N/A,#N/A N/A
7/19/2016,54.59,#N/A N/A,#N/A N/A,#N/A N/A
7/20/2016,55.17,#N/A N/A,#N/A N/A,#N/A N/A
7/21/2016,54.49,#N/A N/A,#N/A N/A,#N/A N/A
7/22/2016,54.32,#N/A N/A,#N/A N/A,#N/A N/A
7/25/2016,54.16,#N/A N/A,#N/A N/A,#N/A N/A
7/26/2016,53.94,#N/A N/A,#N/A N/A,#N/A N/A
7/27/2016,52.85,#N/A N/A,#N/A N/A,#N/A N/A
7/28/2016,51.74,#N/A N/A,#N/A N/A,#N/A N/A
7/29/2016,51.61,#N/A N/A,#N/A N/A,#N/A N/A
8/1/2016,50.83,#N/A N/A,#N/A N/A,#N/A N/A
8/2/2016,50.63,#N/A N/A,#N/A N/A,#N/A N/A
8/3/2016,51.22,#N/A N/A,#N/A N/A,#N/A N/A
8/4/2016,51.46,#N/A N/A,#N/A N/A,#N/A N/A
8/5/2016,51.52,#N/A N/A,#N/A N/A,#N/A N/A
8/8/2016,52.32,#N/A N/A,#N/A N/A,#N/A N/A
8/9/2016,52.34,#N/A N/A,#N/A N/A,#N/A N/A
8/10/2016,52.07,#N/A N/A,#N/A N/A,#N/A N/A
8/11/2016,53.25,#N/A N/A,#N/A N/A,#N/A N/A
8/12/2016,53.67,#N/A N/A,#N/A N/A,#N/A N/A
8/15/2016,54.28,#N/A N/A,#N/A N/A,#N/A N/A
8/16/2016,54.99,#N/A N/A,#N/A N/A,#N/A N/A
8/17/2016,55.64,#N/A N/A,#N/A N/A,#N/A N/A
8/18/2016,56.42,#N/A N/A,#N/A N/A,#N/A N/A
8/19/2016,56.5,#N/A N/A,#N/A N/A,#N/A N/A
8/22/2016,55.32,#N/A N/A,#N/A N/A,#N/A N/A
8/23/2016,55.98,#N/A N/A,#N/A N/A,#N/A N/A
8/24/2016,55.15,#N/A N/A,#N/A N/A,#N/A N/A
8/25/2016,55.36,#N/A N/A,#N/A N/A,#N/A N/A
8/26/2016,55.66,#N/A N/A,#N/A N/A,#N/A N/A
8/29/2016,55.1,#N/A N/A,#N/A N/A,#N/A N/A
8/30/2016,54.43,#N/A N/A,#N/A N/A,#N/A N/A
8/31/2016,52.88,#N/A N/A,#N/A N/A,#N/A N/A
9/1/2016,51.63,#N/A N/A,#N/A N/A,#N/A N/A
9/2/2016,52.85,#N/A N/A,#N/A N/A,#N/A N/A
9/6/2016,53.26,#N/A N/A,#N/A N/A,#N/A N/A
9/7/2016,54.04,#N/A N/A,#N/A N/A,#N/A N/A
9/8/2016,55.63,#N/A N/A,#N/A N/A,#N/A N/A
9/9/2016,54.12,#N/A N/A,#N/A N/A,#N/A N/A
9/12/2016,54.48,#N/A N/A,#N/A N/A,#N/A N/A
9/13/2016,53.95,#N/A N/A,#N/A N/A,#N/A N/A
9/14/2016,53.12,#N/A N/A,#N/A N/A,#N/A N/A
9/15/2016,53.5,#N/A N/A,#N/A N/A,#N/A N/A
9/16/2016,52.72,#N/A N/A,#N/A N/A,#N/A N/A
9/19/2016,53.06,#N/A N/A,#N/A N/A,#N/A N/A
9/20/2016,53.04,#N/A N/A,#N/A N/A,#N/A N/A
9/21/2016,53.46,#N/A N/A,#N/A N/A,#N/A N/A
9/22/2016,54.35,#N/A N/A,#N/A N/A,#N/A N/A
9/23/2016,53.01,#N/A N/A,#N/A N/A,#N/A N/A
9/26/2016,54.13,#N/A N/A,#N/A N/A,#N/A N/A
9/27/2016,53.25,#N/A N/A,#N/A N/A,#N/A N/A
9/28/2016,54.78,#N/A N/A,#N/A N/A,#N/A N/A
9/29/2016,55.05,#N/A N/A,#N/A N/A,#N/A N/A
9/30/2016,55.49,#N/A N/A,#N/A N/A,#N/A N/A
10/3/2016,55.76,#N/A N/A,#N/A N/A,#N/A N/A
10/4/2016,55.97,#N/A N/A,#N/A N/A,#N/A N/A
10/5/2016,56.48,#N/A N/A,#N/A N/A,#N/A N/A
10/6/2016,56.58,#N/A N/A,#N/A N/A,#N/A N/A
10/7/2016,56.29,#N/A N/A,#N/A N/A,#N/A N/A
10/10/2016,56.59,#N/A N/A,#N/A N/A,#N/A N/A
10/11/2016,55.91,#N/A N/A,#N/A N/A,#N/A N/A
10/12/2016,55.71,#N/A N/A,#N/A N/A,#N/A N/A
10/13/2016,55.83,#N/A N/A,#N/A N/A,#N/A N/A
10/14/2016,55.7,#N/A N/A,#N/A N/A,#N/A N/A
10/17/2016,55.73,#N/A N/A,#N/A N/A,#N/A N/A
10/18/2016,56.17,#N/A N/A,#N/A N/A,#N/A N/A
10/19/2016,56.72,#N/A N/A,#N/A N/A,#N/A N/A
10/20/2016,56.12,#N/A N/A,#N/A N/A,#N/A N/A
10/21/2016,56.68,#N/A N/A,#N/A N/A,#N/A N/A
10/24/2016,56.85,#N/A N/A,#N/A N/A,#N/A N/A
10/25/2016,56.54,#N/A N/A,#N/A N/A,#N/A N/A
10/26/2016,55.79,#N/A N/A,#N/A N/A,#N/A N/A
10/27/2016,55.78,#N/A N/A,#N/A N/A,#N/A N/A
10/28/2016,55.19,#N/A N/A,#N/A N/A,#N/A N/A
10/31/2016,53.85,#N/A N/A,#N/A N/A,#N/A N/A
11/1/2016,53.88,#N/A N/A,#N/A N/A,#N/A N/A
11/2/2016,53.15,#N/A N/A,#N/A N/A,#N/A N/A
11/3/2016,52.67,#N/A N/A,#N/A N/A,#N/A N/A
11/4/2016,52.16,#N/A N/A,#N/A N/A,#N/A N/A
11/7/2016,52.82,#N/A N/A,#N/A N/A,#N/A N/A
11/8/2016,53.06,#N/A N/A,#N/A N/A,#N/A N/A
11/9/2016,53.71,#N/A N/A,#N/A N/A,#N/A N/A
11/10/2016,53.44,#N/A N/A,#N/A N/A,#N/A N/A
11/11/2016,52.36,#N/A N/A,#N/A N/A,#N/A N/A
11/14/2016,51.7,#N/A N/A,#N/A N/A,#N/A N/A
11/15/2016,52.94,#N/A N/A,#N/A N/A,#N/A N/A
11/16/2016,52.6,#N/A N/A,#N/A N/A,#N/A N/A
11/17/2016,52.83,#N/A N/A,#N/A N/A,#N/A N/A
11/18/2016,53.09,#N/A N/A,#N/A N/A,#N/A N/A
11/21/2016,54.41,#N/A N/A,#N/A N/A,#N/A N/A
11/22/2016,54.57,#N/A N/A,#N/A N/A,#N/A N/A
11/23/2016,54.35,#N/A N/A,#N/A N/A,#N/A N/A
11/25/2016,52.95,#N/A N/A,#N/A N/A,#N/A N/A
11/28/2016,53.67,#N/A N/A,#N/A N/A,#N/A N/A
11/29/2016,52.22,#N/A N/A,#N/A N/A,#N/A N/A
11/30/2016,54.38,#N/A N/A,#N/A N/A,#N/A N/A
12/1/2016,54.36,#N/A N/A,#N/A N/A,#N/A N/A
12/2/2016,55.14,#N/A N/A,#N/A N/A,#N/A N/A
12/5/2016,55.57,#N/A N/A,#N/A N/A,#N/A N/A
12/6/2016,55.05,#N/A N/A,#N/A N/A,#N/A N/A
12/7/2016,54.52,#N/A N/A,#N/A N/A,#N/A N/A
12/8/2016,54.76,#N/A N/A,#N/A N/A,#N/A N/A
12/9/2016,55.06,#N/A N/A,#N/A N/A,#N/A N/A
12/12/2016,54.87,#N/A N/A,#N/A N/A,#N/A N/A
12/13/2016,55.11,#N/A N/A,#N/A N/A,#N/A N/A
12/14/2016,54.25,#N/A N/A,#N/A N/A,#N/A N/A
12/15/2016,54.08,#N/A N/A,#N/A N/A,#N/A N/A
12/16/2016,54.55,#N/A N/A,#N/A N/A,#N/A N/A
12/19/2016,54.74,#N/A N/A,#N/A N/A,#N/A N/A
12/20/2016,55.3,#N/A N/A,#N/A N/A,#N/A N/A
12/21/2016,54.65,#N/A N/A,#N/A N/A,#N/A N/A
12/22/2016,54.85,#N/A N/A,#N/A N/A,#N/A N/A
12/23/2016,55.12,#N/A N/A,#N/A N/A,#N/A N/A
12/27/2016,55.68,#N/A N/A,#N/A N/A,#N/A N/A
12/28/2016,55.88,#N/A N/A,#N/A N/A,#N/A N/A
12/29/2016,56,#N/A N/A,#N/A N/A,#N/A N/A
12/30/2016,56.03,#N/A N/A,#N/A N/A,#N/A N/A
1/3/2017,55.18,#N/A N/A,#N/A N/A,#N/A N/A
1/4/2017,56.32,#N/A N/A,#N/A N/A,#N/A N/A
1/5/2017,56.83,#N/A N/A,#N/A N/A,#N/A N/A
1/6/2017,57.02,#N/A N/A,#N/A N/A,#N/A N/A
1/9/2017,55.91,#N/A N/A,#N/A N/A,#N/A N/A
1/10/2017,55.49,#N/A N/A,#N/A N/A,#N/A N/A
1/11/2017,56.38,#N/A N/A,#N/A N/A,#N/A N/A
1/12/2017,56.83,#N/A N/A,#N/A N/A,#N/A N/A
1/13/2017,56.3,#N/A N/A,#N/A N/A,#N/A N/A
1/17/2017,55.9,#N/A N/A,#N/A N/A,#N/A N/A
1/18/2017,55.16,#N/A N/A,#N/A N/A,#N/A N/A
1/19/2017,55.33,#N/A N/A,#N/A N/A,#N/A N/A
1/20/2017,56.19,#N/A N/A,#N/A N/A,#N/A N/A
1/23/2017,55.87,#N/A N/A,#N/A N/A,#N/A N/A
1/24/2017,56.08,#N/A N/A,#N/A N/A,#N/A N/A
1/25/2017,55.72,#N/A N/A,#N/A N/A,#N/A N/A
1/26/2017,56.23,#N/A N/A,#N/A N/A,#N/A N/A
1/27/2017,55.52,#N/A N/A,#N/A N/A,#N/A N/A
1/30/2017,55.42,#N/A N/A,#N/A N/A,#N/A N/A
1/31/2017,55.56,#N/A N/A,#N/A N/A,#N/A N/A
2/1/2017,56.16,#N/A N/A,#N/A N/A,#N/A N/A
2/2/2017,55.87,#N/A N/A,#N/A N/A,#N/A N/A
2/3/2017,56.28,#N/A N/A,#N/A N/A,#N/A N/A
2/6/2017,55.87,#N/A N/A,#N/A N/A,#N/A N/A
2/7/2017,55.11,#N/A N/A,#N/A N/A,#N/A N/A
2/8/2017,55.08,#N/A N/A,#N/A N/A,#N/A N/A
2/9/2017,55.27,#N/A N/A,#N/A N/A,#N/A N/A
2/10/2017,55.54,#N/A N/A,#N/A N/A,#N/A N/A
2/13/2017,54.92,#N/A N/A,#N/A N/A,#N/A N/A
2/14/2017,54.84,#N/A N/A,#N/A N/A,#N/A N/A
2/15/2017,54.38,#N/A N/A,#N/A N/A,#N/A N/A
2/16/2017,54.14,#N/A N/A,#N/A N/A,#N/A N/A
2/17/2017,54,#N/A N/A,#N/A N/A,#N/A N/A
2/21/2017,53.44,#N/A N/A,#N/A N/A,#N/A N/A
2/22/2017,53.01,#N/A N/A,#N/A N/A,#N/A N/A
2/23/2017,53.48,#N/A N/A,#N/A N/A,#N/A N/A
2/24/2017,53.22,#N/A N/A,#N/A N/A,#N/A N/A
2/27/2017,53.61,#N/A N/A,#N/A N/A,#N/A N/A
2/28/2017,54.17,#N/A N/A,#N/A N/A,#N/A N/A
3/1/2017,54,#N/A N/A,#N/A N/A,#N/A N/A
3/2/2017,53.61,#N/A N/A,#N/A N/A,#N/A N/A
3/3/2017,53.93,#N/A N/A,#N/A N/A,#N/A N/A
3/6/2017,54.04,#N/A N/A,#N/A N/A,#N/A N/A
3/7/2017,53.91,#N/A N/A,#N/A N/A,#N/A N/A
3/8/2017,51.98,#N/A N/A,#N/A N/A,#N/A N/A
3/9/2017,51.22,#N/A N/A,#N/A N/A,#N/A N/A
3/10/2017,50.38,#N/A N/A,#N/A N/A,#N/A N/A
3/13/2017,50.58,#N/A N/A,#N/A N/A,#N/A N/A
3/14/2017,50.22,#N/A N/A,#N/A N/A,#N/A N/A
3/15/2017,50.36,#N/A N/A,#N/A N/A,#N/A N/A
3/16/2017,50.11,#N/A N/A,#N/A N/A,#N/A N/A
3/17/2017,50.05,#N/A N/A,#N/A N/A,#N/A N/A
3/20/2017,49.94,#N/A N/A,#N/A N/A,#N/A N/A
3/21/2017,49.91,#N/A N/A,#N/A N/A,#N/A N/A
3/22/2017,50.08,#N/A N/A,#N/A N/A,#N/A N/A
3/23/2017,49.81,#N/A N/A,#N/A N/A,#N/A N/A
3/24/2017,50.01,#N/A N/A,#N/A N/A,#N/A N/A
3/27/2017,50.17,#N/A N/A,#N/A N/A,#N/A N/A
3/28/2017,50.06,#N/A N/A,#N/A N/A,#N/A N/A
3/29/2017,50.36,#N/A N/A,#N/A N/A,#N/A N/A
3/30/2017,50.99,#N/A N/A,#N/A N/A,#N/A N/A
3/31/2017,51.32,#N/A N/A,#N/A N/A,#N/A N/A
4/3/2017,51.63,#N/A N/A,#N/A N/A,#N/A N/A
4/4/2017,52.06,#N/A N/A,#N/A N/A,#N/A N/A
4/5/2017,52.05,#N/A N/A,#N/A N/A,#N/A N/A
4/6/2017,52.33,#N/A N/A,#N/A N/A,#N/A N/A
4/7/2017,52.61,#N/A N/A,#N/A N/A,#N/A N/A
4/10/2017,53.29,#N/A N/A,#N/A N/A,#N/A N/A
4/11/2017,53.61,#N/A N/A,#N/A N/A,#N/A N/A
4/12/2017,53.81,#N/A N/A,#N/A N/A,#N/A N/A
4/13/2017,53.8,#N/A N/A,#N/A N/A,#N/A N/A
4/17/2017,53.56,#N/A N/A,#N/A N/A,#N/A N/A
4/18/2017,53.33,#N/A N/A,#N/A N/A,#N/A N/A
4/19/2017,51.95,#N/A N/A,#N/A N/A,#N/A N/A
4/20/2017,51.8,#N/A N/A,#N/A N/A,#N/A N/A
4/21/2017,51.48,#N/A N/A,#N/A N/A,#N/A N/A
4/24/2017,51.03,#N/A N/A,#N/A N/A,#N/A N/A
4/25/2017,50.91,#N/A N/A,#N/A N/A,#N/A N/A
4/26/2017,50.86,#N/A N/A,#N/A N/A,#N/A N/A
4/27/2017,50.18,#N/A N/A,#N/A N/A,#N/A N/A
4/28/2017,50.33,#N/A N/A,#N/A N/A,#N/A N/A
5/1/2017,50.02,#N/A N/A,#N/A N/A,#N/A N/A
5/2/2017,49.09,#N/A N/A,#N/A N/A,#N/A N/A
5/3/2017,49.36,#N/A N/A,#N/A N/A,#N/A N/A
5/4/2017,48.12,#N/A N/A,#N/A N/A,#N/A N/A
5/5/2017,49.26,#N/A N/A,#N/A N/A,#N/A N/A
5/8/2017,49.52,#N/A N/A,#N/A N/A,#N/A N/A
5/9/2017,49.12,#N/A N/A,#N/A N/A,#N/A N/A
5/10/2017,49.93,#N/A N/A,#N/A N/A,#N/A N/A
5/11/2017,50.17,#N/A N/A,#N/A N/A,#N/A N/A
5/12/2017,49.76,#N/A N/A,#N/A N/A,#N/A N/A
5/15/2017,49.88,#N/A N/A,#N/A N/A,#N/A N/A
5/16/2017,50.11,#N/A N/A,#N/A N/A,#N/A N/A
5/17/2017,50.23,#N/A N/A,#N/A N/A,#N/A N/A
5/18/2017,50.32,#N/A N/A,#N/A N/A,#N/A N/A
5/19/2017,51.01,#N/A N/A,#N/A N/A,#N/A N/A
5/22/2017,51.23,#N/A N/A,#N/A N/A,#N/A N/A
5/23/2017,51.22,#N/A N/A,#N/A N/A,#N/A N/A
5/24/2017,50.81,#N/A N/A,#N/A N/A,#N/A N/A
5/25/2017,49.37,#N/A N/A,#N/A N/A,#N/A N/A
5/26/2017,50.03,#N/A N/A,#N/A N/A,#N/A N/A
5/30/2017,50.17,#N/A N/A,#N/A N/A,#N/A N/A
5/31/2017,49.06,#N/A N/A,#N/A N/A,#N/A N/A
6/1/2017,49.07,#N/A N/A,#N/A N/A,#N/A N/A
6/2/2017,48.69,#N/A N/A,#N/A N/A,#N/A N/A
6/5/2017,48.7,#N/A N/A,#N/A N/A,#N/A N/A
6/6/2017,48.72,#N/A N/A,#N/A N/A,#N/A N/A
6/7/2017,47.85,#N/A N/A,#N/A N/A,#N/A N/A
6/8/2017,48.56,#N/A N/A,#N/A N/A,#N/A N/A
6/9/2017,48.66,#N/A N/A,#N/A N/A,#N/A N/A
6/12/2017,48.78,#N/A N/A,#N/A N/A,#N/A N/A
6/13/2017,48.97,#N/A N/A,#N/A N/A,#N/A N/A
6/14/2017,48.25,#N/A N/A,#N/A N/A,#N/A N/A
6/15/2017,48.74,#N/A N/A,#N/A N/A,#N/A N/A
6/16/2017,48.91,#N/A N/A,#N/A N/A,#N/A N/A
6/19/2017,48.62,#N/A N/A,#N/A N/A,#N/A N/A
6/20/2017,48.33,#N/A N/A,#N/A N/A,#N/A N/A
6/21/2017,47.8,#N/A N/A,#N/A N/A,#N/A N/A
6/22/2017,47.86,#N/A N/A,#N/A N/A,#N/A N/A
6/23/2017,47.79,#N/A N/A,#N/A N/A,#N/A N/A
6/26/2017,47.91,#N/A N/A,#N/A N/A,#N/A N/A
6/27/2017,48.58,#N/A N/A,#N/A N/A,#N/A N/A
6/28/2017,48.89,#N/A N/A,#N/A N/A,#N/A N/A
6/29/2017,49.18,#N/A N/A,#N/A N/A,#N/A N/A
6/30/2017,50.1,#N/A N/A,#N/A N/A,#N/A N/A
7/3/2017,51.04,#N/A N/A,#N/A N/A,#N/A N/A
7/5/2017,49.71,#N/A N/A,#N/A N/A,#N/A N/A
7/6/2017,49.73,#N/A N/A,#N/A N/A,#N/A N/A
7/7/2017,48.73,#N/A N/A,#N/A N/A,#N/A N/A
7/10/2017,49.32,#N/A N/A,#N/A N/A,#N/A N/A
7/11/2017,49.88,#N/A N/A,#N/A N/A,#N/A N/A
7/12/2017,49.69,#N/A N/A,#N/A N/A,#N/A N/A
7/13/2017,50.02,#N/A N/A,#N/A N/A,#N/A N/A
7/14/2017,50.44,#N/A N/A,#N/A N/A,#N/A N/A
7/17/2017,50.17,#N/A N/A,#N/A N/A,#N/A N/A
7/18/2017,50.05,#N/A N/A,#N/A N/A,#N/A N/A
7/19/2017,50.36,#N/A N/A,#N/A N/A,#N/A N/A
7/20/2017,49.95,#N/A N/A,#N/A N/A,#N/A N/A
7/21/2017,49.15,#N/A N/A,#N/A N/A,#N/A N/A
7/24/2017,49.62,#N/A N/A,#N/A N/A,#N/A N/A
7/25/2017,50.43,#N/A N/A,#N/A N/A,#N/A N/A
7/26/2017,50.6,#N/A N/A,#N/A N/A,#N/A N/A
7/27/2017,50.5,#N/A N/A,#N/A N/A,#N/A N/A
7/28/2017,50.56,#N/A N/A,#N/A N/A,#N/A N/A
7/31/2017,51.03,#N/A N/A,#N/A N/A,#N/A N/A
8/1/2017,50.42,#N/A N/A,#N/A N/A,#N/A N/A
8/2/2017,50.68,#N/A N/A,#N/A N/A,#N/A N/A
8/3/2017,50.25,#N/A N/A,#N/A N/A,#N/A N/A
8/4/2017,50.69,#N/A N/A,#N/A N/A,#N/A N/A
8/7/2017,50.61,#N/A N/A,#N/A N/A,#N/A N/A
8/8/2017,50.28,#N/A N/A,#N/A N/A,#N/A N/A
8/9/2017,50.36,#N/A N/A,#N/A N/A,#N/A N/A
8/10/2017,49.31,#N/A N/A,#N/A N/A,#N/A N/A
8/11/2017,49.33,#N/A N/A,#N/A N/A,#N/A N/A
8/14/2017,48.72,#N/A N/A,#N/A N/A,#N/A N/A
8/15/2017,48.76,#N/A N/A,#N/A N/A,#N/A N/A
8/16/2017,48.49,#N/A N/A,#N/A N/A,#N/A N/A
8/17/2017,48.63,#N/A N/A,#N/A N/A,#N/A N/A
8/18/2017,49.88,#N/A N/A,#N/A N/A,#N/A N/A
8/21/2017,48.82,#N/A N/A,#N/A N/A,#N/A N/A
8/22/2017,49.47,#N/A N/A,#N/A N/A,#N/A N/A
8/23/2017,49.93,#N/A N/A,#N/A N/A,#N/A N/A
8/24/2017,49.48,#N/A N/A,#N/A N/A,#N/A N/A
8/25/2017,49.7,#N/A N/A,#N/A N/A,#N/A N/A
8/28/2017,49.08,#N/A N/A,#N/A N/A,#N/A N/A
8/29/2017,49.61,#N/A N/A,#N/A N/A,#N/A N/A
8/30/2017,49.19,#N/A N/A,#N/A N/A,#N/A N/A
8/31/2017,50.73,#N/A N/A,#N/A N/A,#N/A N/A
9/1/2017,50.83,#N/A N/A,#N/A N/A,#N/A N/A
9/5/2017,51,#N/A N/A,#N/A N/A,#N/A N/A
9/6/2017,51.11,#N/A N/A,#N/A N/A,#N/A N/A
9/7/2017,51.2,#N/A N/A,#N/A N/A,#N/A N/A
9/8/2017,50.39,#N/A N/A,#N/A N/A,#N/A N/A
9/11/2017,50.57,#N/A N/A,#N/A N/A,#N/A N/A
9/12/2017,50.56,#N/A N/A,#N/A N/A,#N/A N/A
9/13/2017,50.81,#N/A N/A,#N/A N/A,#N/A N/A
9/14/2017,51.05,#N/A N/A,#N/A N/A,#N/A N/A
9/15/2017,51.27,#N/A N/A,#N/A N/A,#N/A N/A
9/18/2017,50.91,#N/A N/A,#N/A N/A,#N/A N/A
9/19/2017,50.65,#N/A N/A,#N/A N/A,#N/A N/A
9/20/2017,50.82,#N/A N/A,#N/A N/A,#N/A N/A
9/21/2017,50.88,#N/A N/A,#N/A N/A,#N/A N/A
9/22/2017,50.93,#N/A N/A,#N/A N/A,#N/A N/A
9/25/2017,51.1,#N/A N/A,#N/A N/A,#N/A N/A
9/26/2017,51.02,#N/A N/A,#N/A N/A,#N/A N/A
9/27/2017,51.02,#N/A N/A,#N/A N/A,#N/A N/A
9/28/2017,50.52,#N/A N/A,#N/A N/A,#N/A N/A
9/29/2017,50.64,#N/A N/A,#N/A N/A,#N/A N/A
10/2/2017,49.95,#N/A N/A,#N/A N/A,#N/A N/A
10/3/2017,49.85,#N/A N/A,#N/A N/A,#N/A N/A
10/4/2017,49.97,#N/A N/A,#N/A N/A,#N/A N/A
10/5/2017,50.52,#N/A N/A,#N/A N/A,#N/A N/A
10/6/2017,49.61,#N/A N/A,#N/A N/A,#N/A N/A
10/9/2017,49.87,#N/A N/A,#N/A N/A,#N/A N/A
10/10/2017,50.33,#N/A N/A,#N/A N/A,#N/A N/A
10/11/2017,50.64,#N/A N/A,#N/A N/A,#N/A N/A
10/12/2017,50.27,#N/A N/A,#N/A N/A,#N/A N/A
10/13/2017,50.55,#N/A N/A,#N/A N/A,#N/A N/A
10/16/2017,50.51,#N/A N/A,#N/A N/A,#N/A N/A
10/17/2017,50.24,#N/A N/A,#N/A N/A,#N/A N/A
10/18/2017,50.48,#N/A N/A,#N/A N/A,#N/A N/A
10/19/2017,50.2,#N/A N/A,#N/A N/A,#N/A N/A
10/20/2017,50.37,50.15,50.15,50.15
10/23/2017,50.18,#N/A N/A,#N/A N/A,#N/A N/A
10/24/2017,50.56,#N/A N/A,#N/A N/A,#N/A N/A
10/25/2017,50.53,#N/A N/A,#N/A N/A,#N/A N/A
10/26/2017,50.62,#N/A N/A,#N/A N/A,#N/A N/A
10/27/2017,50.94,#N/A N/A,#N/A N/A,#N/A N/A
10/30/2017,50.96,#N/A N/A,#N/A N/A,#N/A N/A
10/31/2017,50.89,#N/A N/A,#N/A N/A,#N/A N/A
11/1/2017,50.57,#N/A N/A,#N/A N/A,#N/A N/A
11/2/2017,50.66,#N/A N/A,#N/A N/A,#N/A N/A
11/3/2017,51.08,#N/A N/A,#N/A N/A,#N/A N/A
11/6/2017,51.56,#N/A N/A,#N/A N/A,#N/A N/A
11/7/2017,51.79,#N/A N/A,#N/A N/A,#N/A N/A
11/8/2017,52.25,#N/A N/A,#N/A N/A,#N/A N/A
11/9/2017,52.36,#N/A N/A,#N/A N/A,#N/A N/A
11/10/2017,52.66,#N/A N/A,#N/A N/A,#N/A N/A
11/13/2017,52.91,#N/A N/A,#N/A N/A,#N/A N/A
11/14/2017,52.04,#N/A N/A,#N/A N/A,#N/A N/A
11/15/2017,51.74,#N/A N/A,#N/A N/A,#N/A N/A
11/16/2017,51.46,#N/A N/A,#N/A N/A,#N/A N/A
11/17/2017,51.73,#N/A N/A,#N/A N/A,#N/A N/A
11/20/2017,51.34,#N/A N/A,#N/A N/A,#N/A N/A
11/21/2017,51.36,#N/A N/A,#N/A N/A,#N/A N/A
11/22/2017,51.84,#N/A N/A,#N/A N/A,#N/A N/A
11/24/2017,52.23,#N/A N/A,#N/A N/A,#N/A N/A
11/27/2017,52.57,#N/A N/A,#N/A N/A,#N/A N/A
11/28/2017,52.65,#N/A N/A,#N/A N/A,#N/A N/A
11/29/2017,52.43,#N/A N/A,#N/A N/A,#N/A N/A
11/30/2017,52.45,#N/A N/A,#N/A N/A,#N/A N/A
12/1/2017,52.53,#N/A N/A,#N/A N/A,#N/A N/A
12/4/2017,52.36,#N/A N/A,#N/A N/A,#N/A N/A
12/5/2017,52.79,#N/A N/A,#N/A N/A,#N/A N/A
12/6/2017,52.23,#N/A N/A,#N/A N/A,#N/A N/A
12/7/2017,52.7,#N/A N/A,#N/A N/A,#N/A N/A
12/8/2017,52.98,#N/A N/A,#N/A N/A,#N/A N/A
12/11/2017,53.12,#N/A N/A,#N/A N/A,#N/A N/A
12/12/2017,52.49,#N/A N/A,#N/A N/A,#N/A N/A
12/13/2017,51.67,#N/A N/A,#N/A N/A,#N/A N/A
12/14/2017,52.12,#N/A N/A,#N/A N/A,#N/A N/A
12/15/2017,52.14,#N/A N/A,#N/A N/A,#N/A N/A
12/18/2017,52.71,#N/A N/A,#N/A N/A,#N/A N/A
12/19/2017,53.08,#N/A N/A,#N/A N/A,#N/A N/A
12/20/2017,53.11,#N/A N/A,#N/A N/A,#N/A N/A
12/21/2017,53.34,#N/A N/A,#N/A N/A,#N/A N/A
12/22/2017,53.6,53.4,53.38,53.56
12/26/2017,54.33,#N/A N/A,#N/A N/A,#N/A N/A
12/27/2017,54.33,#N/A N/A,#N/A N/A,#N/A N/A
12/28/2017,54.41,#N/A N/A,#N/A N/A,#N/A N/A
12/29/2017,54.55,#N/A N/A,#N/A N/A,#N/A N/A
1/2/2018,54.67,#N/A N/A,#N/A N/A,#N/A N/A
1/3/2018,54.97,#N/A N/A,#N/A N/A,#N/A N/A
1/4/2018,55,#N/A N/A,#N/A N/A,#N/A N/A
1/5/2018,55.25,#N/A N/A,#N/A N/A,#N/A N/A
1/8/2018,55.61,#N/A N/A,#N/A N/A,#N/A N/A
1/9/2018,56.01,#N/A N/A,#N/A N/A,#N/A N/A
1/10/2018,55.86,#N/A N/A,#N/A N/A,#N/A N/A
1/11/2018,55.95,#N/A N/A,#N/A N/A,#N/A N/A
1/12/2018,56.21,#N/A N/A,#N/A N/A,#N/A N/A
1/16/2018,56.1,#N/A N/A,#N/A N/A,#N/A N/A
1/17/2018,56.34,#N/A N/A,#N/A N/A,#N/A N/A
1/18/2018,56.45,#N/A N/A,#N/A N/A,#N/A N/A
1/19/2018,56.38,#N/A N/A,#N/A N/A,#N/A N/A
1/22/2018,56.53,56.71,56.7,56.71
1/23/2018,56.93,57,56.9,57
1/24/2018,56.78,56.83,56.83,56.83
1/25/2018,57,56.95,56.95,57.5
1/26/2018,57.11,#N/A N/A,#N/A N/A,#N/A N/A
1/29/2018,56.75,56.5,56.5,56.5
1/30/2018,56.14,#N/A N/A,#N/A N/A,#N/A N/A
1/31/2018,56.19,56.2,56.2,56.23
2/1/2018,56.45,56.4,56.4,56.45
2/2/2018,55.51,#N/A N/A,#N/A N/A,#N/A N/A
2/5/2018,55.19,#N/A N/A,#N/A N/A,#N/A N/A
2/6/2018,54.73,#N/A N/A,#N/A N/A,#N/A N/A
2/7/2018,53.64,#N/A N/A,#N/A N/A,#N/A N/A
2/8/2018,53.52,#N/A N/A,#N/A N/A,#N/A N/A
2/9/2018,52.28,#N/A N/A,#N/A N/A,#N/A N/A
2/12/2018,52.45,#N/A N/A,#N/A N/A,#N/A N/A
2/13/2018,52.86,#N/A N/A,#N/A N/A,#N/A N/A
2/14/2018,53.26,#N/A N/A,#N/A N/A,#N/A N/A
2/15/2018,53.25,#N/A N/A,#N/A N/A,#N/A N/A
2/16/2018,53.69,#N/A N/A,#N/A N/A,#N/A N/A
2/20/2018,54.3,#N/A N/A,#N/A N/A,#N/A N/A
2/21/2018,54.37,#N/A N/A,#N/A N/A,#N/A N/A
2/22/2018,54.71,#N/A N/A,#N/A N/A,#N/A N/A
2/23/2018,55.57,#N/A N/A,#N/A N/A,#N/A N/A
2/26/2018,56.05,#N/A N/A,#N/A N/A,#N/A N/A
2/27/2018,55.5,#N/A N/A,#N/A N/A,#N/A N/A
2/28/2018,53.97,#N/A N/A,#N/A N/A,#N/A N/A
3/1/2018,53.69,#N/A N/A,#N/A N/A,#N/A N/A
3/2/2018,54.05,#N/A N/A,#N/A N/A,#N/A N/A
3/5/2018,54.82,#N/A N/A,#N/A N/A,#N/A N/A
3/6/2018,54.86,#N/A N/A,#N/A N/A,#N/A N/A
3/7/2018,54.02,#N/A N/A,#N/A N/A,#N/A N/A
3/8/2018,53.88,#N/A N/A,#N/A N/A,#N/A N/A
3/9/2018,55,#N/A N/A,#N/A N/A,#N/A N/A
3/12/2018,54.94,#N/A N/A,#N/A N/A,#N/A N/A
3/13/2018,54.75,#N/A N/A,#N/A N/A,#N/A N/A
3/14/2018,55.02,#N/A N/A,#N/A N/A,#N/A N/A
3/15/2018,54.97,#N/A N/A,#N/A N/A,#N/A N/A
3/16/2018,55.3,#N/A N/A,#N/A N/A,#N/A N/A
3/19/2018,54.95,#N/A N/A,#N/A N/A,#N/A N/A
3/20/2018,55.51,#N/A N/A,#N/A N/A,#N/A N/A
3/21/2018,56.55,#N/A N/A,#N/A N/A,#N/A N/A
3/22/2018,56.32,#N/A N/A,#N/A N/A,#N/A N/A
3/23/2018,57.09,#N/A N/A,#N/A N/A,#N/A N/A
3/26/2018,56.9,#N/A N/A,#N/A N/A,#N/A N/A
3/27/2018,57.05,#N/A N/A,#N/A N/A,#N/A N/A
3/28/2018,56.71,#N/A N/A,#N/A N/A,#N/A N/A
3/29/2018,56.76,#N/A N/A,#N/A N/A,#N/A N/A
4/2/2018,55.57,#N/A N/A,#N/A N/A,#N/A N/A
4/3/2018,56.14,#N/A N/A,#N/A N/A,#N/A N/A
4/4/2018,56.16,#N/A N/A,#N/A N/A,#N/A N/A
4/5/2018,56.55,#N/A N/A,#N/A N/A,#N/A N/A
4/6/2018,55.58,#N/A N/A,#N/A N/A,#N/A N/A
4/9/2018,56.22,#N/A N/A,#N/A N/A,#N/A N/A
4/10/2018,56.88,#N/A N/A,#N/A N/A,#N/A N/A
4/11/2018,57.51,#N/A N/A,#N/A N/A,#N/A N/A
4/12/2018,57.32,#N/A N/A,#N/A N/A,#N/A N/A
4/13/2018,57.46,#N/A N/A,#N/A N/A,#N/A N/A
4/16/2018,57.19,#N/A N/A,#N/A N/A,#N/A N/A
4/17/2018,57.41,#N/A N/A,#N/A N/A,#N/A N/A
4/18/2018,58.03,#N/A N/A,#N/A N/A,#N/A N/A
4/19/2018,58.36,#N/A N/A,#N/A N/A,#N/A N/A
4/20/2018,58.43,#N/A N/A,#N/A N/A,#N/A N/A
4/23/2018,58.76,58.2,58.2,58.2
4/24/2018,58.08,#N/A N/A,#N/A N/A,#N/A N/A
4/25/2018,58.26,#N/A N/A,#N/A N/A,#N/A N/A
4/26/2018,58.32,#N/A N/A,#N/A N/A,#N/A N/A
4/27/2018,58.13,58,58,58
4/30/2018,58.5,58.27,58.27,58.28
5/1/2018,57.91,#N/A N/A,#N/A N/A,#N/A N/A
5/2/2018,58.04,#N/A N/A,#N/A N/A,#N/A N/A
5/3/2018,58.45,#N/A N/A,#N/A N/A,#N/A N/A
5/4/2018,59.64,#N/A N/A,#N/A N/A,#N/A N/A
5/7/2018,60.41,#N/A N/A,#N/A N/A,#N/A N/A
5/8/2018,59.4,#N/A N/A,#N/A N/A,#N/A N/A
5/9/2018,60.88,#N/A N/A,#N/A N/A,#N/A N/A
5/10/2018,61.36,#N/A N/A,#N/A N/A,#N/A N/A
5/11/2018,61.42,#N/A N/A,#N/A N/A,#N/A N/A
5/14/2018,61.76,#N/A N/A,#N/A N/A,#N/A N/A
5/15/2018,62.07,#N/A N/A,#N/A N/A,#N/A N/A
5/16/2018,62.21,#N/A N/A,#N/A N/A,#N/A N/A
5/17/2018,62.51,#N/A N/A,#N/A N/A,#N/A N/A
5/18/2018,62.68,#N/A N/A,#N/A N/A,#N/A N/A
5/21/2018,63.6,63.13,63.13,63.13
5/22/2018,63.43,#N/A N/A,#N/A N/A,#N/A N/A
5/23/2018,63.37,#N/A N/A,#N/A N/A,#N/A N/A
5/24/2018,62.78,#N/A N/A,#N/A N/A,#N/A N/A
5/25/2018,60.89,#N/A N/A,#N/A N/A,#N/A N/A
5/29/2018,60.29,60.05,60.05,60.05
5/30/2018,60.97,#N/A N/A,#N/A N/A,#N/A N/A
5/31/2018,60.53,#N/A N/A,#N/A N/A,#N/A N/A
6/1/2018,60.61,#N/A N/A,#N/A N/A,#N/A N/A
6/4/2018,60.1,#N/A N/A,#N/A N/A,#N/A N/A
6/5/2018,60.38,#N/A N/A,#N/A N/A,#N/A N/A
6/6/2018,60.18,#N/A N/A,#N/A N/A,#N/A N/A
6/7/2018,60.85,#N/A N/A,#N/A N/A,#N/A N/A
6/8/2018,60.93,#N/A N/A,#N/A N/A,#N/A N/A
6/11/2018,61.22,#N/A N/A,#N/A N/A,#N/A N/A
6/12/2018,61.17,#N/A N/A,#N/A N/A,#N/A N/A
6/13/2018,61.91,#N/A N/A,#N/A N/A,#N/A N/A
6/14/2018,61.48,#N/A N/A,#N/A N/A,#N/A N/A
6/15/2018,59.73,#N/A N/A,#N/A N/A,#N/A N/A
6/18/2018,60.41,59.05,59.05,59.05
6/19/2018,60.02,#N/A N/A,#N/A N/A,#N/A N/A
6/20/2018,60.03,#N/A N/A,#N/A N/A,#N/A N/A
6/21/2018,59.39,#N/A N/A,#N/A N/A,#N/A N/A
6/22/2018,61.12,#N/A N/A,#N/A N/A,#N/A N/A
6/25/2018,61.08,#N/A N/A,#N/A N/A,#N/A N/A
6/26/2018,62.35,#N/A N/A,#N/A N/A,#N/A N/A
6/27/2018,62.93,#N/A N/A,#N/A N/A,#N/A N/A
6/28/2018,62.71,#N/A N/A,#N/A N/A,#N/A N/A
6/29/2018,62.86,#N/A N/A,#N/A N/A,#N/A N/A
7/2/2018,61.93,#N/A N/A,#N/A N/A,#N/A N/A
7/3/2018,61.81,#N/A N/A,#N/A N/A,#N/A N/A
7/5/2018,62.3,#N/A N/A,#N/A N/A,#N/A N/A
7/6/2018,62.79,#N/A N/A,#N/A N/A,#N/A N/A
7/9/2018,63.29,#N/A N/A,#N/A N/A,#N/A N/A
7/10/2018,63.57,#N/A N/A,#N/A N/A,#N/A N/A
7/11/2018,60.91,#N/A N/A,#N/A N/A,#N/A N/A
7/12/2018,61.94,#N/A N/A,#N/A N/A,#N/A N/A
7/13/2018,62.33,#N/A N/A,#N/A N/A,#N/A N/A
7/16/2018,60.2,#N/A N/A,#N/A N/A,#N/A N/A
7/17/2018,60.47,#N/A N/A,#N/A N/A,#N/A N/A
7/18/2018,61.15,#N/A N/A,#N/A N/A,#N/A N/A
7/19/2018,61.28,#N/A N/A,#N/A N/A,#N/A N/A
7/20/2018,61.52,#N/A N/A,#N/A N/A,#N/A N/A
7/23/2018,62.21,#N/A N/A,#N/A N/A,#N/A N/A
7/24/2018,62.61,#N/A N/A,#N/A N/A,#N/A N/A
7/25/2018,63.2,#N/A N/A,#N/A N/A,#N/A N/A
7/26/2018,63.58,#N/A N/A,#N/A N/A,#N/A N/A
7/27/2018,62.96,#N/A N/A,#N/A N/A,#N/A N/A
7/30/2018,63.55,#N/A N/A,#N/A N/A,#N/A N/A
7/31/2018,62.73,#N/A N/A,#N/A N/A,#N/A N/A
8/1/2018,61.6,#N/A N/A,#N/A N/A,#N/A N/A
8/2/2018,62.13,#N/A N/A,#N/A N/A,#N/A N/A
8/3/2018,62.08,#N/A N/A,#N/A N/A,#N/A N/A
8/6/2018,62.52,#N/A N/A,#N/A N/A,#N/A N/A
8/7/2018,63.24,#N/A N/A,#N/A N/A,#N/A N/A
8/8/2018,61.63,#N/A N/A,#N/A N/A,#N/A N/A
8/9/2018,61.83,#N/A N/A,#N/A N/A,#N/A N/A
8/10/2018,62.17,#N/A N/A,#N/A N/A,#N/A N/A
8/13/2018,61.76,#N/A N/A,#N/A N/A,#N/A N/A
8/14/2018,61.88,#N/A N/A,#N/A N/A,#N/A N/A
8/15/2018,60.63,#N/A N/A,#N/A N/A,#N/A N/A
8/16/2018,61.01,#N/A N/A,#N/A N/A,#N/A N/A
8/17/2018,61.22,#N/A N/A,#N/A N/A,#N/A N/A
8/20/2018,61.33,#N/A N/A,#N/A N/A,#N/A N/A
8/21/2018,61.55,#N/A N/A,#N/A N/A,#N/A N/A
8/22/2018,63.16,#N/A N/A,#N/A N/A,#N/A N/A
8/23/2018,63.19,#N/A N/A,#N/A N/A,#N/A N/A
8/24/2018,63.8,64.17,64.17,64.25
8/27/2018,63.93,#N/A N/A,#N/A N/A,#N/A N/A
8/28/2018,63.85,#N/A N/A,#N/A N/A,#N/A N/A
8/29/2018,64.49,#N/A N/A,#N/A N/A,#N/A N/A
8/30/2018,65.02,#N/A N/A,#N/A N/A,#N/A N/A
8/31/2018,64.7,#N/A N/A,#N/A N/A,#N/A N/A
9/4/2018,64.99,65.8,64.6,65.8
9/5/2018,64.31,#N/A N/A,#N/A N/A,#N/A N/A
9/6/2018,63.67,#N/A N/A,#N/A N/A,#N/A N/A
9/7/2018,63.82,#N/A N/A,#N/A N/A,#N/A N/A
9/10/2018,64.02,#N/A N/A,#N/A N/A,#N/A N/A
9/11/2018,65.25,#N/A N/A,#N/A N/A,#N/A N/A
9/12/2018,66.2,65.54,65.54,65.54
9/13/2018,65.04,#N/A N/A,#N/A N/A,#N/A N/A
9/14/2018,65.36,#N/A N/A,#N/A N/A,#N/A N/A
9/17/2018,65.39,#N/A N/A,#N/A N/A,#N/A N/A
9/18/2018,65.97,#N/A N/A,#N/A N/A,#N/A N/A
9/19/2018,66.43,#N/A N/A,#N/A N/A,#N/A N/A
9/20/2018,66.23,#N/A N/A,#N/A N/A,#N/A N/A
9/21/2018,66.31,#N/A N/A,#N/A N/A,#N/A N/A
9/24/2018,67.53,67.45,67.45,67.65
9/25/2018,67.97,67.8,67.8,67.88
9/26/2018,67.63,#N/A N/A,#N/A N/A,#N/A N/A
9/27/2018,68.12,#N/A N/A,#N/A N/A,#N/A N/A
9/28/2018,68.94,68.4,68.4,68.44
10/1/2018,70.88,70.69,70.69,70.69
10/2/2018,71.05,#N/A N/A,#N/A N/A,#N/A N/A
10/3/2018,72.22,#N/A N/A,#N/A N/A,#N/A N/A
10/4/2018,70.81,#N/A N/A,#N/A N/A,#N/A N/A
10/5/2018,71.06,#N/A N/A,#N/A N/A,#N/A N/A
10/8/2018,71.05,#N/A N/A,#N/A N/A,#N/A N/A
10/9/2018,71.66,71.5,71.29,71.5
10/10/2018,70.25,#N/A N/A,#N/A N/A,#N/A N/A
10/11/2018,68.22,#N/A N/A,#N/A N/A,#N/A N/A
10/12/2018,68.4,#N/A N/A,#N/A N/A,#N/A N/A
10/15/2018,68.68,68.62,68.48,68.62
10/16/2018,69.06,68.63,68.63,68.75
10/17/2018,67.66,#N/A N/A,#N/A N/A,#N/A N/A
10/18/2018,66.84,#N/A N/A,#N/A N/A,#N/A N/A
10/19/2018,67.55,#N/A N/A,#N/A N/A,#N/A N/A
10/22/2018,68.16,67.55,67.55,67.55
10/23/2018,65.68,#N/A N/A,#N/A N/A,#N/A N/A
10/24/2018,65.84,#N/A N/A,#N/A N/A,#N/A N/A
10/25/2018,66.24,66.02,65.98,66.02
10/26/2018,66.64,#N/A N/A,#N/A N/A,#N/A N/A
10/29/2018,66.57,#N/A N/A,#N/A N/A,#N/A N/A
10/30/2018,65.54,#N/A N/A,#N/A N/A,#N/A N/A
10/31/2018,65.02,65.88,65.06,65.91
11/1/2018,63.43,64.96,64.07,64.96
11/2/2018,63.17,63.07,63.01,63.07
11/5/2018,63.28,#N/A N/A,#N/A N/A,#N/A N/A
11/6/2018,62.84,62.05,62.05,62.05
11/7/2018,63.37,#N/A N/A,#N/A N/A,#N/A N/A
11/8/2018,62.51,#N/A N/A,#N/A N/A,#N/A N/A
11/9/2018,61.7,#N/A N/A,#N/A N/A,#N/A N/A
11/12/2018,61.42,#N/A N/A,#N/A N/A,#N/A N/A
11/13/2018,57.57,60.05,57.1,60.05
11/14/2018,58.16,#N/A N/A,#N/A N/A,#N/A N/A
11/15/2018,57.99,#N/A N/A,#N/A N/A,#N/A N/A
11/16/2018,57.87,#N/A N/A,#N/A N/A,#N/A N/A
11/19/2018,57.87,#N/A N/A,#N/A N/A,#N/A N/A
11/20/2018,54.02,55.17,55,55.17
11/21/2018,55.39,#N/A N/A,#N/A N/A,#N/A N/A
11/23/2018,51.7,52.22,52.22,52.44
11/26/2018,52.72,#N/A N/A,#N/A N/A,#N/A N/A
11/27/2018,52.83,#N/A N/A,#N/A N/A,#N/A N/A
11/28/2018,51.95,52.2,51.9,52.2
11/29/2018,52.9,#N/A N/A,#N/A N/A,#N/A N/A
11/30/2018,51.87,#N/A N/A,#N/A N/A,#N/A N/A
12/3/2018,54.05,53.7,53.7,53.7
12/4/2018,54.67,54.49,54.49,54.49
12/5/2018,54.45,#N/A N/A,#N/A N/A,#N/A N/A
12/6/2018,53.44,#N/A N/A,#N/A N/A,#N/A N/A
12/7/2018,54.28,#N/A N/A,#N/A N/A,#N/A N/A
12/10/2018,52.62,#N/A N/A,#N/A N/A,#N/A N/A
12/11/2018,52.92,#N/A N/A,#N/A N/A,#N/A N/A
12/12/2018,52.99,53.62,53.05,53.62
12/13/2018,54.3,#N/A N/A,#N/A N/A,#N/A N/A
12/14/2018,53.32,54.02,54.02,54.02
12/17/2018,52.71,#N/A N/A,#N/A N/A,#N/A N/A
12/18/2018,49.45,51.83,51.75,51.83
12/19/2018,50.76,#N/A N/A,#N/A N/A,#N/A N/A
12/20/2018,48.76,#N/A N/A,#N/A N/A,#N/A N/A
12/21/2018,48.33,48.28,48.23,48.28
12/24/2018,45.6,#N/A N/A,#N/A N/A,#N/A N/A
12/26/2018,49.05,#N/A N/A,#N/A N/A,#N/A N/A
12/27/2018,47.63,48.45,47.87,48.45
12/28/2018,47.9,49,48.82,49
12/31/2018,48.62,47.95,47.95,47.95
